[
	{ "nom": "4 fromages", "ingredients": [ "cantal", "mozzarella", "fromage de chèvre", "gruyère" ], "prix": 11, "imageUrl": "https://www.galbani.fr/wp-content/uploads/2017/07/pizza_filant_montage_2_3.jpg"},
	{ "nom": "tartiflette", "ingredients": [ "pomme de terre", "oignons", "crème fraiche", "lardons", "mozzarella" ], "prix": 14, "imageUrl": "https://cdn.pizzamatch.com/1/35/1375105305-pizza-napolitain-630.JPG?1375105310"},
	{ "nom": "margherita", "ingredients": [ "sauce tomate", "mozzarella", "basilic" ], "prix": 7, "imageUrl": "https://www.misteriosocultos.com/wp-content/uploads/2018/12/pizza.jpg"},
	{ "nom": "indienne", "ingredients": [ "curry", "mozzarella", "poulet", "poivron", "oignon", "coriandre" ], "prix": 10, "imageUrl": "https://assets.afcdn.com/recipe/20160519/15342_w1024h768c1cx3504cy2338.jpg"},
	{ "nom": "mexicaine", "ingredients": [ "boeuf", "mozzarella", "maïs", "tomates", "oignon", "coriandre" ], "prix": 13, "imageUrl": "https://fac.img.pmdstatic.net/fit/http.3A.2F.2Fprd2-bone-image.2Es3-website-eu-west-1.2Eamazonaws.2Ecom.2FFAC.2Fvar.2Ffemmeactuelle.2Fstorage.2Fimages.2Fminceur.2Fastuces-minceur.2Fminceur-choix-pizzeria-47943.2F14883894-1-fre-FR.2Fminceur-comment-faire-les-bons-choix-a-la-pizzeria.2Ejpg/750x562/quality/80/crop-from/center/minceur-comment-faire-les-bons-choix-a-la-pizzeria.jpeg"},
	{ "nom": "chèvre et miel", "ingredients": [ "miel", "mozzarella", "fromage de chèvre", "roquette"], "prix": 10, "imageUrl": "http://gfx.viberadio.sn/var/ezflow_site/storage/images/news/conso-societe/les-4-aliments-a-eviter-de-consommer-le-soir-00018042/155338-1-fre-FR/Les-4-aliments-a-eviter-de-consommer-le-soir.jpg"},
	{ "nom": "napolitaine", "ingredients": [ "sauce tomate", "mozzarella", "anchois", "câpres"], "prix": 9, "imageUrl": "https://www.fourchette-et-bikini.fr/sites/default/files/pizza_tomate_mozzarella.jpg"},
	{ "nom": "kebab", "ingredients": [ "poulet", "oignons", "sauce tomate", "sauce kebab", "mozzarella"], "prix": 11, "imageUrl": "https://res.cloudinary.com/serdy-m-dia-inc/image/upload/f_auto/fl_lossy/q_auto:eco/x_0,y_0,w_3839,h_2159,c_crop/w_576,h_324,c_scale/v1525204543/foodlavie/prod/recettes/pizza-au-chorizo-et-fromage-cheddar-en-grains-2421eadb"},
	{ "nom": "louisiane", "ingredients": [ "poulet", "champignons", "poivrons", "oignons", "sauce tomate", "mozzarella"], "prix": 12, "imageUrl": "http://www.fraichementpresse.ca/image/policy:1.3167780:1503508221/Pizza-dejeuner-maison-basilic-et-oeufs.jpg?w=700&$p$w=13b13d9"},
	{ "nom": "orientale", "ingredients": [ "merguez", "champignons", "sauce tomate", "mozzarella"], "prix": 11, "imageUrl": "https://www.atelierdeschefs.com/media/recette-e30299-pizza-pepperoni-tomate-mozza.jpg"},
	{ "nom": "hawaïenne", "ingredients": [ "jambon", "ananas", "sauce tomate", "mozzarella"], "prix": 12, "imageUrl": "https://www.atelierdeschefs.com/media/recette-e16312-pizza-quatre-saisons.jpg"},
	{ "nom": "reine", "ingredients": [ "jambon", "champignons", "sauce tomate", "mozzarella"], "prix": 8, "imageUrl": "https://static.cuisineaz.com/400x320/i96018-pizza-reine.jpg"},
	{ "nom": "Cesi Pizza", "ingredients": [ "Xaml", "Java", "Javascript tomate", "Agile"], "prix": 18, "imageUrl": "https://i.ytimg.com/vi/q1Cc8vLtIoA/maxresdefault.jpg"},

]
